feature,mean_abs_shap
Amount,0.0368950542395276
Country,0.03800253548744667
Purpose,0.015335929712396792
Channel,0.008547669553759298
AML_Risk_Score,0.026414155680165856
